idUser,First_Name,Second_Name,First_surname,Second_surname,Email,Password,idCity,idPhone,idGender,idUser_type
1,Giordano,Earl,Lammie,Tomasian,etomasian0@amazon.com,vtpHBMK2bsL,25,18,1,3
2,Row,Alexei,Jaime,Cringle,acringle1@simplemachines.org,urvrD72YA,9,8,1,1
3,Hewet,Yankee,Vannozzii,Evelyn,yevelyn2@vk.com,8HFA4EwRAYA,20,28,2,3
4,Irita,Taddeo,Gyford,Doone,tdoone3@photobucket.com,2TeQk2D,1,15,2,1
5,Fields,Talbert,Trever,Blackborough,tblackborough4@bandcamp.com,CZxgETL,2,28,1,1
6,Joyann,Melisenda,Mathonnet,Dunbleton,mdunbleton5@joomla.org,w87IfGrh0x,11,4,2,3
7,Maddi,Amandie,Placidi,Ehrat,aehrat6@cbsnews.com,mjXXRsEC,7,1,1,1
8,Flem,Earl,Frankland,Harroll,eharroll7@adobe.com,50sdGGCYC,28,9,1,3
9,Kerry,Filberte,Glauber,Chooter,fchooter8@usgs.gov,z57wLUZ,11,18,1,1
10,Jessie,Cathee,Bronger,Sadgrove,csadgrove9@shutterfly.com,Jgxm1A7FuUW,4,4,1,2
11,Leena,Augie,Gillyett,Salzberg,asalzberga@sciencedirect.com,d8C2JVb,27,2,1,2
12,Caressa,Caralie,Bynold,Readie,creadieb@google.com,b0KXU2h,10,20,2,2
13,Kathryne,Rurik,Stannas,Vuitte,rvuittec@harvard.edu,6fb04vU7S,13,14,3,3
14,Fionna,Christi,Gayther,Lapidus,clapidusd@webs.com,8eSiK0bAhew,23,20,1,2
15,Bobine,Inge,Le Borgne,MacIlhagga,imacilhaggae@ycombinator.com,ycgFrk,13,8,1,3
16,Kimberly,Robina,Horney,Powelee,rpoweleef@businessinsider.com,EvGeoL,30,29,3,2
17,Samaria,Van,Cleminshaw,Highwood,vhighwoodg@google.fr,HIwOoRY9V,12,12,1,2
18,Lisa,Sebastien,Catt,Noon,snoonh@acquirethisname.com,lVl6Y0hGT,7,2,3,1
19,Skipp,Evered,Charlin,Lusher,elusheri@oracle.com,U3izUF0x,11,17,2,3
20,Fran,Gladi,Bole,Jervois,gjervoisj@toplist.cz,KyRCUCTGWr,12,14,2,1
21,Tait,Suzanna,Pietruszka,Torri,storrik@simplemachines.org,t4RObA5,21,24,3,2
22,Sindee,Grier,Vase,Canham,gcanhaml@ustream.tv,237tkbG,13,12,2,3
23,Steven,Belle,Rippon,Elegood,belegoodm@printfriendly.com,JqzUkD9zwrso,12,23,2,3
24,Yasmeen,Martie,Fairbard,Hallgalley,mhallgalleyn@hugedomains.com,tncnKBAo37H,28,23,2,1
25,Juline,Gale,Gretton,Bruin,gbruino@canalblog.com,H5o9IWlqUVIt,29,1,3,2
26,Jorge,Rollin,Clubbe,Cejka,rcejkap@marriott.com,MiERVKkNxio,12,22,2,1
27,Hort,Valeria,Borrell,Yitzowitz,vyitzowitzq@fema.gov,xRVzgJ,21,26,2,2
28,Ariella,Camel,Masarrat,Parram,cparramr@arizona.edu,kzGQdIKRkv,13,12,3,1
29,Lani,Sada,Jerger,Corton,scortons@twitpic.com,ETANuq,20,2,2,2
30,Andres,Courtnay,Castelain,Borgars,cborgarst@quantcast.com,rzzCab,2,1,3,2
